{
	"credit": "Made with Blockbench",
	"parent": "block/block",
	"textures": {
		"0": "firmalife:block/vat",
		"2": "firmalife:block/vat_bottom",
		"3": "firmalife:block/vat_lid",
		"particle": "firmalife:block/vat"
	},
	"elements": [
		{
			"from": [0, 12, 0],
			"to": [16, 13, 16],
			"faces": {
				"north": {"uv": [0, 0, 16, 1], "texture": "#0"},
				"east": {"uv": [0, 0, 16, 1], "texture": "#0"},
				"south": {"uv": [0, 0, 16, 1], "texture": "#0"},
				"west": {"uv": [0, 0, 16, 1], "texture": "#0"},
				"up": {"uv": [0, 0, 16, 16], "texture": "#3"},
				"down": {"uv": [0, 0, 16, 16], "texture": "#3"}
			}
		},
		{
			"from": [5, 13, 5],
			"to": [11, 14, 11],
			"faces": {
				"north": {"uv": [5, 1, 11, 2], "texture": "#0"},
				"east": {"uv": [5, 1, 11, 2], "texture": "#0"},
				"south": {"uv": [5, 1, 11, 2], "texture": "#0"},
				"west": {"uv": [5, 1, 11, 2], "texture": "#0"},
				"up": {"uv": [5, 5, 11, 11], "texture": "#0"}
			}
		},
		{
			"from": [1, 0, 1],
			"to": [15, 12, 15],
			"faces": {
				"north": {"uv": [1, 4, 15, 16], "texture": "#0"},
				"east": {"uv": [1, 4, 15, 16], "texture": "#0"},
				"south": {"uv": [1, 4, 15, 16], "texture": "#0"},
				"west": {"uv": [1, 4, 15, 16], "texture": "#0"},
				"down": {"uv": [1, 1, 15, 15], "texture": "#2"}
			}
		}
	]
}